Round,SecondsIntoRound,SecondsLastRoundAction,cmTotHitsR-X1,cmTotHitsL-X1,cmTotHitsM-X1,Hits-Recvd-X1,Hits-Lnd-X1,Hits-Mssd-X1,cmTotHitsR-X2,cmTotHitsL-X2,cmTotHitsM-X2,Hits-Recvd-X2,Hits-Lnd-X2,Hits-Mssd-X2,Time,FighterActionReactions.X1,FightersActionsReactions.X2,Notes
1,,,,,,,,,,,,,,,5:00,,,Germaine
1,,,,,,,,,,,,,,,4:59,,,Germaine
1,,,,,,,,,,,,,,,4:58,,,Germaine
1,,,,,,,,,,,,,,,4:57,,,Germaine
1,,,,,,,,,,,,,,,4:56,,,Germaine
1,,,,,,,,,,,,,,,4:55,,,Germaine
1,,,,,,,,,,,,,,,4:54,,,Germaine
1,,,,,,,,,,,,,,,4:53,missed R mt kick to low L leg,,Germaine
1,,,,,,,,,,,,,,,4:52,,,Germaine
1,,,,,,,,,,,,,,,4:51,,,Germaine
1,,,,,,,,,,,,,,,4:50,,,Germaine
1,,,,,,,,,,,,,,,4:49,,,Germaine
1,,,,,,,,,,,,,,,4:48,missed L jab,,Germaine
1,,,,,,,,,,,,,,,4:47,,missed L mt kick to L low leg,Germaine
1,,,,,,,,,,,,,,,4:46,,,Germaine
1,,,,,,,,,,,,,,,4:45,missed R mt kick to low L leg,,Germaine
1,,,,,,,,,,,,,,,4:44,,,Germaine
1,,,,,,,,,,,,,,,4:43,,,Germaine
1,,,,,,,,,,,,,,,4:42,,,Germaine
1,,,,,,,,,,,,,,,4:41,lands L mt kick to L leg,,Germaine
1,,,,,,,,,,,,,,,4:40,"missed L jab, missed R cross",lands L mt kick to L leg,Germaine
1,,,,,,,,,,,,,,,4:39,,,Germaine
1,,,,,,,,,,,,,,,4:38,,,Germaine
1,,,,,,,,,,,,,,,4:37,,,Germaine
1,,,,,,,,,,,,,,,4:36,,,Germaine
1,,,,,,,,,,,,,,,4:35,,,Germaine
1,,,,,,,,,,,,,,,4:34,,,Germaine
1,,,,,,,,,,,,,,,4:33,,,Germaine
1,,,,,,,,,,,,,,,4:32,,,Germaine
1,,,,,,,,,,,,,,,4:31,,,Germaine
1,,,,,,,,,,,,,,,4:30,,,Germaine
1,,,,,,,,,,,,,,,4:29,,,Germaine
1,,,,,,,,,,,,,,,4:28,"lands L mt kick to L leg, missed R cross to face",,Germaine
1,,,,,,,,,,,,,,,4:27,,,Germaine
1,,,,,,,,,,,,,,,4:26,,,Germaine
1,,,,,,,,,,,,,,,4:25,,lands L mt kick to L low leg,Germaine
1,,,,,,,,,,,,,,,4:24,,,Germaine
1,,,,,,,,,,,,,,,4:23,,,Germaine
1,,,,,,,,,,,,,,,4:22,,,Germaine
1,,,,,,,,,,,,,,,4:21,,,Germaine
1,,,,,,,,,,,,,,,4:20,,,Germaine
1,,,,,,,,,,,,,,,4:19,holding R leg hold starts,caught in R leg hold and missed L mt kick to body,Germaine
1,,,,,,,,,,,,,,,4:18,holding R leg hold continues,caught in R leg hold   ,Germaine
1,,,,,,,,,,,,,,,4:17,holding R leg hold continues,caught in R leg hold,Germaine
1,,,,,,,,,,,,,,,4:16,holding R leg hold continues misses R cross to face,caught in R leg hold,Germaine
1,,,,,,,,,,,,,,,4:15,loses R leg hold,breaks R leg hold,Germaine
1,,,,,,,,,,,,,,,4:14,,,Germaine
1,,,,,,,,,,,,,,,4:13,,,Germaine
1,,,,,,,,,,,,,,,4:12,lands R mt kick to L low leg,misses R cross to face,Germaine
1,,,,,,,,,,,,,,,4:11,,,Germaine
1,,,,,,,,,,,,,,,4:10,,,Germaine
1,,,,,,,,,,,,,,,4:09,,,Germaine
1,,,,,,,,,,,,,,,4:08,,misses L jab to face,Germaine
1,,,,,,,,,,,,,,,4:07,,,Germaine
1,,,,,,,,,,,,,,,4:06,,,Germaine
1,,,,,,,,,,,,,,,4:05,,,Germaine
1,,,,,,,,,,,,,,,4:04,,,Germaine
1,,,,,,,,,,,,,,,4:03,,,Germaine
1,,,,,,,,,,,,,,,4:02,,,Germaine
1,,,,,,,,,,,,,,,4:01,,,Germaine
1,,,,,,,,,,,,,,,4:00,,,Germaine
1,,,,,,,,,,,,,,,3:59,,,Germaine
1,,,,,,,,,,,,,,,3:58,,,Germaine
1,,,,,,,,,,,,,,,3:57,,,Germaine
1,,,,,,,,,,,,,,,3:56,,,Germaine
1,,,,,,,,,,,,,,,3:55,,,Germaine
1,,,,,,,,,,,,,,,3:54,,,Germaine
1,,,,,,,,,,,,,,,3:53,,,Germaine
1,,,,,,,,,,,,,,,3:52,,,Germaine
1,,,,,,,,,,,,,,,3:51,,,Germaine
1,,,,,,,,,,,,,,,3:50,,,Germaine
1,,,,,,,,,,,,,,,3:49,,,Germaine
1,,,,,,,,,,,,,,,3:48,"misses L jab to face, misses R cross to face",,Germaine
1,,,,,,,,,,,,,,,3:47,,,Germaine
1,,,,,,,,,,,,,,,3:46,"misses L jab to face, misses R cross to face",,Germaine
1,,,,,,,,,,,,,,,3:45,misses L jab to face ,,Germaine
1,,,,,,,,,,,,,,,3:44,attempts body waste takedown,misses L hook to face,Germaine
1,,,,,,,,,,,,,,,3:43,lands takedown,,Germaine
1,,,,,,,,,,,,,,,3:42,caught in full guard hold,lands full guard hold on back holding full guard hold starts,Germaine
1,,,,,,,,,,,,,,,3:41,caught in full guard hold,holding full guard hold continues,Germaine
1,,,,,,,,,,,,,,,3:40,caught in full guard hold,holding full guard hold continues,Germaine
1,,,,,,,,,,,,,,,3:39,caught in full guard hold,holding full guard hold continues,Germaine
1,,,,,,,,,,,,,,,3:38,caught in full guard hold,holding full guard hold continues,Germaine
1,,,,,,,,,,,,,,,3:37,caught in full guard hold and puts weight on L shoulder collarbone acromian process while lifting off L leg to break full guard,holding full guard hold continues,Germaine
1,,,,,,,,,,,,,,,3:36,caught in full guard hold,holding full guard hold continues,Germaine
1,,,,,,,,,,,,,,,3:35,caught in full guard hold and twisting with R armpit and R leg anchoring into L locked thigh at the inside knee,holding full guard hold continues,Germaine
1,,,,,,,,,,,,,,,3:34,"caught in full guard hold and grabbing at L ear with R hand while twisting and lifting out of full guard lock, gains L arm back, breaks full guard lock at ankles","holding full guard hold continues and holding R forearm and pulling from face with L hand and holding L arm with R arm, loses L arm hold, grabs L hand with L hand, loses full guard hold lock at ankles and both arm holds",Germaine
1,,,,,,,,,,,,,,,3:33,breaks full guard hold and standing up while keeping L shin of opponent at chest and bent,loses full guard hold hold and has open guard hold with L knee into chest and R leg behind opponent,Germaine
1,,,,,,,,,,,,,,,3:32,holding L knee hold starts of opponent while standing up and maneuvering around L side of opponent pushing forward to knock off balance a possible up kick of opponent,"holding open guard hold starts protecting body with L shin against opponent and L leg to the R of opponent no hands or arms locked of opponent, L foot is braced against opponent's R upper thigh and hip and caught in L knee hold",Germaine
1,,,,,,,,,,,,,,,3:31,caught in open guard hold continues and misses downward R hook to head while pushing and twisting L and holding L knee hold continues,holding open guard hold continues and caught in L knee hold,Germaine
1,,,,,,,,,,,,,,,3:30,caught in open guard hold continues and lands downward R cross to head while pushing opponent's leg toward her and turning L and loses L knee hold,holding open guard hold continues and breaks L knee hold,Germaine
1,,,,,,,,,,,,,,,3:29,caught in open guard hold continues and lands L downward cross to face while getting out of open guard completely,holding open guard hold continues and misses L upward kick from open guard hold to body,Germaine
1,,,,,,,,,,,,,,,3:28,caught in open guard hold continues  ,holding open guard hold continues,Germaine
1,,,,,,,,,,,,,,,3:27,caught in open guard hold continues and holding R foot while opponent in open guard,holding open guard hold continues and misses L upward kick to body from open guard hold,Germaine
1,,,,,,,,,,,,,,,3:26,caught in open guard hold contnues and moves open guard feet to her R while landing R downward cross to face,holding open guard hold continues and tries holding back opponent with L foot in R armpit of opponent while not protecting face while in open guard hold,Germaine
1,,,,,,,,,,,,,,,3:25,breaks open guard hold and falls on ground to the side of opponent,loses open guard hold and gets up off back from open guard,Germaine
1,,,,,,,,,,,,,,,3:24,,,Germaine
1,,,,,,,,,,,,,,,3:23,getting up while attempting a head R arm guillotine of opponent as holding guillotine hold starts,attempting to get up with opponent and do a waste takedown against cage and caught in guillotine hold,Germaine
1,,,,,,,,,,,,,,,3:22,locks guillotine around R armpit and neck of opponent while standing full guard lock and holding guillotine hold continues,standing while caught in a guillotine hold,Germaine
1,,,,,,,,,,,,,,,3:21,holding guillotine hold continues,caught in a guillotine hold,Germaine
1,,,,,,,,,,,,,,,3:20,holding guillotine hold continues,caught in a guillotine hold,Germaine
1,,,,,,,,,,,,,,,3:19,takedown of opponent in full guard while holding of guillotine hold continues,caught in a guillotine hold falls to ground on top,Germaine
1,,,,,,,,,,,,,,,3:18,holding guillotine hold continues,caught in a guillotine hold,Germaine
1,,,,,,,,,,,,,,,3:17,holding full guard hold starts and holding guillotine hold continues,caught in a guillotine hold,Germaine
1,,,,,,,,,,,,,,,3:16,holding guillotine hold continues,caught in a guillotine hold,Germaine
1,,,,,,,,,,,,,,,3:15,holding guillotine hold continues,caught in a guillotine hold,Germaine
1,,,,,,,,,,,,,,,3:14,holding guillotine hold continues,caught in a guillotine hold,Germaine
1,,,,,,,,,,,,,,,3:13,loses guillotine hold and loses full guard hold,breaks guillotine hold and breaks full guard hold,Germaine
1,,,,,,,,,,,,,,,3:12,push kicks opponent off ,,Germaine
1,,,,,,,,,,,,,,,3:11,,,Germaine
1,,,,,,,,,,,,,,,3:10,getting up while L foot being held by opponent,holds L ft of opponent after stepping back from upward kicks,Germaine
1,,,,,,,,,,,,,,,3:09,,,Germaine
1,,,,,,,,,,,,,,,3:08,getting up from ground,lands L upper cut to face while opponent getting up,Germaine
1,,,,,,,,,,,,,,,3:07,holding R arm hold starts and caught in upper body hold,clinches opponent both standing against the cage and holding upper body hold starts and caught in R arm hold,Germaine
1,,,,,,,,,,,,,,,3:06,holding R arm hold starts and caught in upper body hold,caught in R arm hold and holding upper body hold continues,Germaine
1,,,,,,,,,,,,,,,3:05,holding R arm hold starts and caught in upper body hold,caught in R arm hold and holding upper body hold continues,Germaine
1,,,,,,,,,,,,,,,3:04,holding R arm hold starts and caught in upper body hold,caught in R arm hold and holding upper body hold continues,Germaine
1,,,,,,,,,,,,,,,3:03,holding R arm hold starts and caught in upper body hold,caught in R arm hold and holding upper body hold continues,Germaine
1,,,,,,,,,,,,,,,3:02,holding R arm hold starts and caught in upper body hold,lands R knee to upper L leg of opponent while holding opponent against the cage and caught in R arm hold and holding upper body hold continues,Germaine
1,,,,,,,,,,,,,,,3:01,holding R arm hold starts and caught in upper body hold,lands R knee to upper low L leg while pressing opponent against cage and caught in R arm hold and holding upper body hold continues,Germaine
1,,,,,,,,,,,,,,,3:00,holding R arm hold starts and caught in upper body hold,caught in R arm hold and holding upper body hold continues,Germaine
1,,,,,,,,,,,,,,,2:59,holding R arm hold starts and caught in upper body hold,lands R knee to upper L leg and caught in R arm hold and holding upper body hold continues,Germaine
1,,,,,,,,,,,,,,,2:58,holding R arm hold starts and caught in upper body hold,caught in R arm hold and holding upper body hold continues,Germaine
1,,,,,,,,,,,,,,,2:57,holding R arm hold starts and caught in upper body hold,lands R knee to upper L leg and caught in R arm hold and holding upper body hold continues,Germaine
1,,,,,,,,,,,,,,,2:56,holding R arm hold starts and caught in upper body hold,caught in R arm hold and holding upper body hold continues,Germaine
1,,,,,,,,,,,,,,,2:55,holding R arm hold starts and caught in upper body hold,caught in R arm hold and holding upper body hold continues,Germaine
1,,,,,,,,,,,,,,,2:54,holding R arm hold starts and caught in upper body hold,lands high L knee to face of opponent while holding against cage and caught in R arm hold and holding upper body hold continues,Germaine
1,,,,,,,,,,,,,,,2:53,holding R arm hold starts and caught in upper body hold,caught in R arm hold and holding upper body hold continues,Germaine
1,,,,,,,,,,,,,,,2:52,holding R arm hold starts and caught in upper body hold,caught in R arm hold and holding upper body hold continues,Germaine
1,,,,,,,,,,,,,,,2:51,holding R arm hold starts and caught in upper body hold,caught in R arm hold and holding upper body hold continues,Germaine
1,,,,,,,,,,,,,,,2:50,holding R arm hold starts and caught in upper body hold,caught in R arm hold and holding upper body hold continues,Germaine
1,,,,,,,,,,,,,,,2:49,caught in R arm hold and caught in upper body hold continues and moves opponent away from side standing control against cage,caught in R arm hold and holding upper body hold continues,Germaine
1,,,,,,,,,,,,,,,2:48,holding R arm hold starts and caught in upper body hold,caught in R arm hold and holding upper body hold continues,Germaine
1,,,,,,,,,,,,,,,2:47,holding R arm hold starts and caught in upper body hold,caught in R arm hold and holding upper body hold continues,Germaine
1,,,,,,,,,,,,,,,2:46,holding R arm hold starts and caught in upper body hold,misses R knee to upper L leg and caught in R arm hold and holding upper body hold continues,Germaine
1,,,,,,,,,,,,,,,2:45,holding R arm hold starts and caught in upper body hold,holding upper body continues and breaks R arm hold,Germaine
1,,,,,,,,,,,,,,,2:44,holding R arm hold starts and caught in upper body hold,holding upper body continues and breaks R arm hold,Germaine
1,,,,,,,,,,,,,,,2:43,holding R arm hold starts and caught in upper body hold,misses R knee to upper L leg and caught in R arm hold and holding upper body hold continues,Germaine
1,,,,,,,,,,,,,,,2:42,holding R arm hold starts and caught in upper body hold,holding upper body continues and breaks R arm hold,Germaine
1,,,,,,,,,,,,,,,2:41,loses R arm hold and caught in upper body hold,holding upper body continues and breaks R arm hold,Germaine
1,,,,,,,,,,,,,,,2:40,holding neck hold starts and caught in upper body hold,holding upper body hold continues,Germaine
1,,,,,,,,,,,,,,,2:39,breaks upper body hold to switch sides,loses upper body hold and holding upper body hold starts but different side,Germaine
1,,,,,,,,,,,,,,,2:38,caught in upper body hold and holding R arm hold starts,holding upper body hold continues,Germaine
1,,,,,,,,,,,,,,,2:37,breaks upper body hold and loses R arm hold and lands a R leg to L leg of opponent sweeping takedown,loses upper body hold and breaks R arm hold,Germaine
1,,,,,,,,,,,,,,,2:36,,,Germaine
1,,,,,,,,,,,,,,,2:35,lands slight double leg takedown,,Germaine
1,,,,,,,,,,,,,,,2:34,,,Germaine
1,,,,,,,,,,,,,,,2:33,not on the ground but leaning over opponent,lands in sitting open guard,Germaine
1,,,,,,,,,,,,,,,2:32,,,Germaine
1,,,,,,,,,,,,,,,2:31,,,Germaine
1,,,,,,,,,,,,,,,2:30,"caught in open guard hold  and lands downward R cross to face, lands downward L cross to face, lands downward R cross to face",holding open guard hold  hold starts  ,Germaine
1,,,,,,,,,,,,,,,2:29,caught in open guard hold  and lands downward R cross to face,holding open guard hold  continues,Germaine
1,,,,,,,,,,,,,,,2:28,caught in open guard hold  and lands downward R cross to face,holding open guard hold  continues,Germaine
1,,,,,,,,,,,,,,,2:27,caught in open guard hold ,holding open guard hold  continues,Germaine
1,,,,,,,,,,,,,,,2:26,caught in open guard hold ,holding open guard hold  continues,Germaine
1,,,,,,,,,,,,,,,2:25,caught in open guard hold ,holding open guard hold  continues,Germaine
1,,,,,,,,,,,,,,,2:24,caught in open guard hold  and breaks into opponents open guard hold  against cage and lands R downward cross to head,holding open guard hold  continues,Germaine
1,,,,,,,,,,,,,,,2:23,"caught in open guard hold  and lands downward R cross to head, lands downward R cross to head",holding open guard hold  continues,Germaine
1,,,,,,,,,,,,,,,2:22,caught in open guard hold ,holding open guard hold  continues,Germaine
1,,,,,,,,,,,,,,,2:21,caught in open guard hold ,holding open guard hold  continues,Germaine
1,,,,,,,,,,,,,,,2:20,caught in open guard hold ,holding open guard hold  continues,Germaine
1,,,,,,,,,,,,,,,2:19,caught in open guard hold ,holding open guard hold  continues,Germaine
1,,,,,,,,,,,,,,,2:18,caught in open guard hold ,holding open guard hold  continues,Germaine
1,,,,,,,,,,,,,,,2:17,caught in open guard hold ,holding open guard hold  continues,Germaine
1,,,,,,,,,,,,,,,2:16,caught in open guard hold ,holding open guard hold  continues,Germaine
1,,,,,,,,,,,,,,,2:15,caught in open guard hold ,holding open guard hold  continues and misses upward L jab to face,Germaine
1,,,,,,,,,,,,,,,2:14,caught in open guard hold ,holding open guard hold  continues,Germaine
1,,,,,,,,,,,,,,,2:13,caught in open guard hold  and lands R downward cross to head,holding open guard hold  continues,Germaine
1,,,,,,,,,,,,,,,2:12,caught in open guard hold  and lands R downward cross to head,holding open guard hold  continues,Germaine
1,,,,,,,,,,,,,,,2:11,caught in open guard hold ,holding open guard hold  continues,Germaine
1,,,,,,,,,,,,,,,2:10,caught in open guard hold ,holding open guard hold  continues,Germaine
1,,,,,,,,,,,,,,,2:09,caught in open guard hold ,holding open guard hold  continues,Germaine
1,,,,,,,,,,,,,,,2:08,caught in open guard hold ,holding open guard hold  continues,Germaine
1,,,,,,,,,,,,,,,2:07,caught in open guard hold ,holding open guard hold  continues,Germaine
1,,,,,,,,,,,,,,,2:06,caught in open guard hold ,holding open guard hold  continues,Germaine
1,,,,,,,,,,,,,,,2:05,caught in open guard hold ,holding open guard hold  continues,Germaine
1,,,,,,,,,,,,,,,2:04,caught in open guard hold ,holding open guard hold  continues,Germaine
1,,,,,,,,,,,,,,,2:03,caught in open guard hold  and twists L forearm of opponent at the elbow pushing the hand  in open guard hold  from standing leaning over position,holding open guard hold  continues,Germaine
1,,,,,,,,,,,,,,,2:02,caught in open guard hold ,holding open guard hold  continues,Germaine
1,,,,,,,,,,,,,,,2:01,caught in open guard hold ,twists body toward L arm to avoid L arm lock at elbow and holding open guard hold  continues,Germaine
1,,,,,,,,,,,,,,,2:00,breaks open guard hold  hold,loses open guard hold ,Germaine
1,,,,,,,,,,,,,,,1:59,caught in full guard hold ,holding full guard hold starts,Germaine
1,,,,,,,,,,,,,,,1:58,caught in full guard hold ,holding full guard hold continues,Germaine
1,,,,,,,,,,,,,,,1:57,caught in full guard hold ,holding full guard hold continues,Germaine
1,,,,,,,,,,,,,,,1:56,caught in full guard hold ,holding full guard hold continues,Germaine
1,,,,,,,,,,,,,,,1:55,caught in full guard hold ,holding full guard hold continues,Germaine
1,,,,,,,,,,,,,,,1:54,caught in full guard hold ,holding full guard hold continues,Germaine
1,,,,,,,,,,,,,,,1:53,caught in full guard hold ,holding full guard hold continues,Germaine
1,,,,,,,,,,,,,,,1:52,lands R elbow to face and caught in full guard hold ,holding full guard hold continues,Germaine
1,,,,,,,,,,,,,,,1:51,caught in full guard hold ,holding full guard hold continues,Germaine
1,,,,,,,,,,,,,,,1:50,caught in full guard hold ,holding full guard hold continues,Germaine
1,,,,,,,,,,,,,,,1:49,caught in full guard hold ,holding full guard hold continues,Germaine
1,,,,,,,,,,,,,,,1:48,caught in full guard hold ,holding full guard hold continues,Germaine
1,,,,,,,,,,,,,,,1:47,breaks full guard hold  and caught in open guard hold,loses full guard hold and holding open guard hold starts,Germaine
1,,,,,,,,,,,,,,,1:46,caught in open guard hold,holding open guard hold continues,Germaine
1,,,,,,,,,,,,,,,1:45,caught in open guard hold,holding open guard hold continues,Germaine
1,,,,,,,,,,,,,,,1:44,lands R downward cross to face and caught in open guard hold,holding open guard hold continues,Germaine
1,,,,,,,,,,,,,,,1:43,caught in open guard hold,holding open guard hold continues,Germaine
1,,,,,,,,,,,,,,,1:42,lands R downward cross to face and caught in open guard hold,holding open guard hold continues,Germaine
1,,,,,,,,,,,,,,,1:41,caught in open guard hold,holding open guard hold continues,Germaine
1,,,,,,,,,,,,,,,1:40,caught in open guard hold,holding open guard hold continues,Germaine
1,,,,,,,,,,,,,,,1:39,"caught in open guard hold and misses L downward cross to head, lands R downward cross to head",holding open guard hold continues,Germaine
1,,,,,,,,,,,,,,,1:38,caught in open guard hold,misses R upward puch kick and holding open guard hold continues,Germaine
1,,,,,,,,,,,,,,,1:37,caught in open guard hold,holding open guard hold continues,Germaine
1,,,,,,,,,,,,,,,1:36,caught in open guard hold,holding open guard hold continues,Germaine
1,,,,,,,,,,,,,,,1:35,caught in open guard hold,holding open guard hold continues,Germaine
1,,,,,,,,,,,,,,,1:34,caught in open guard hold,holding open guard hold continues,Germaine
1,,,,,,,,,,,,,,,1:33,caught in open guard hold,holding open guard hold continues,Germaine
1,,,,,,,,,,,,,,,1:32,caught in open guard hold,holding open guard hold continues,Germaine
1,,,,,,,,,,,,,,,1:31,caught in open guard hold,holding open guard hold continues,Germaine
1,,,,,,,,,,,,,,,1:30,caught in open guard hold,holding open guard hold continues,Germaine
1,,,,,,,,,,,,,,,1:29,caught in open guard hold,holding open guard hold continues,Germaine
1,,,,,,,,,,,,,,,1:28,caught in open guard hold,holding open guard hold continues,Germaine
1,,,,,,,,,,,,,,,1:27,breaks through leg kicks of open guard and caught in open guard hold,holding open guard hold continues,Germaine
1,,,,,,,,,,,,,,,1:26,lands downward R cross to head and caught in open guard hold,holding open guard hold continues,Germaine
1,,,,,,,,,,,,,,,1:25,lands downward R cross to head and caught in open guard hold,holding open guard hold continues,Germaine
1,,,,,,,,,,,,,,,1:24,"lands downward R cross to head and caught in open guard hold, lands downward R cross to head",holding open guard hold continues,Germaine
1,,,,,,,,,,,,,,,1:23,"lands downward R cross to head and caught in open guard hold, lands downward R cross to head",holding open guard hold continues,Germaine
1,,,,,,,,,,,,,,,1:22,"misses downward R cross to head and caught in open guard hold, misses downward R cross to head",holding open guard hold continues,Germaine
1,,,,,,,,,,,,,,,1:21,"lands downward L cross to head and caught in open guard hold, lands downward L cross to head",holding open guard hold continues,Germaine
1,,,,,,,,,,,,,,,1:20,lands downward R cross to head and caught in open guard hold,holding open guard hold continues,Germaine
1,,,,,,,,,,,,,,,1:19,misses downward R cross to head and caught in open guard hold,holding open guard hold continues,Germaine
1,,,,,,,,,,,,,,,1:18,caught in open guard hold,holding open guard hold continues,Germaine
1,,,,,,,,,,,,,,,1:17,caught in open guard hold,holding open guard hold continues,Germaine
1,,,,,,,,,,,,,,,1:16,"lands downward R cross to head and caught in open guard hold, lands downward L cross to head",holding open guard hold continues,Germaine
1,,,,,,,,,,,,,,,1:15,"misses downward R cross to head and caught in open guard hold, misses downward L cross to head, lands L downward cross to head",holding open guard hold continues,Germaine
1,,,,,,,,,,,,,,,1:14,lands downward R cross to head and caught in open guard hold,holding open guard hold continues,Germaine
1,,,,,,,,,,,,,,,1:13,"lands downward R cross to head and caught in open guard hold, lands downward L cross to head",holding open guard hold continues,Germaine
1,,,,,,,,,,,,,,,1:12,lands downward R cross to head and caught in open guard hold,holding open guard hold continues,Germaine
1,,,,,,,,,,,,,,,1:11,lands downward L cross to head and caught in open guard hold,holding open guard hold continues,Germaine
1,,,,,,,,,,,,,,,1:10,"misses downward R cross to head and caught in open guard hold, lands L downward cross to head",holding open guard hold continues,Germaine
1,,,,,,,,,,,,,,,1:09,"lands downward R cross to head and caught in open guard hold, lands L downward cross to head",holding open guard hold continues,Germaine
1,,,,,,,,,,,,,,,1:08,"misses downward R cross to head and caught in open guard hold, misses downward L cross to head",holding open guard hold continues,Germaine
1,,,,,,,,,,,,,,,1:07,"misses downward R cross to head and caught in open guard hold, misses downward L cross to head, misses downward R cross to head",holding open guard hold continues,Germaine
1,,,,,,,,,,,,,,,1:06,pressing opponent into ground from the top at opponents shoulders and neck having open guard and legs up off balance removing leverage to kick up and caught in open guard hold,holding open guard hold continues,Germaine
1,,,,,,,,,,,,,,,1:05,caught in open guard hold,holding open guard hold continues,Germaine
1,,,,,,,,,,,,,,,1:04,knee pinned to abdomen  and holding L side control hold starts and breaks open guard hold,loses open guard hold ,Germaine
1,,,,,,,,,,,,,,,1:03,holding side control hold continues,caught in side control hold,Germaine
1,,,,,,,,,,,,,,,1:02,lands L downward cross to head and holding side control hold continues,caught in side control hold,Germaine
1,,,,,,,,,,,,,,,1:01,"lands L downward hook to face and holding side control hold continues, lands L downward elbow to face",caught in side control hold,Germaine
1,,,,,,,,,,,,,,,1:00,holding side control hold continues,caught in side control hold,Germaine
1,,,,,,,,,,,,,,,0:59,holding side control hold continues,caught in side control hold,Germaine
1,,,,,,,,,,,,,,,0:58,holding side control hold continues,caught in side control hold,Germaine
1,,,,,,,,,,,,,,,0:57,holding side control hold continues,caught in side control hold,Germaine
1,,,,,,,,,,,,,,,0:56,holding side control hold continues,caught in side control hold,Germaine
1,,,,,,,,,,,,,,,0:55,L back side control hold with L knee pinned to opponent's L hip and holding side control hold continues,caught in side control hold,Germaine
1,,,,,,,,,,,,,,,0:54,holding side control hold continues,caught in side control hold,Germaine
1,,,,,,,,,,,,,,,0:53,holding side control hold continues,caught in side control hold,Germaine
1,,,,,,,,,,,,,,,0:52,holding side control hold continues,caught in side control hold,Germaine
1,,,,,,,,,,,,,,,0:51,holding side control hold continues,caught in side control hold,Germaine
1,,,,,,,,,,,,,,,0:50,holding side control hold continues,caught in side control hold,Germaine
1,,,,,,,,,,,,,,,0:49,holding side control hold continues,caught in side control hold,Germaine
1,,,,,,,,,,,,,,,0:48,holding side control hold continues,caught in side control hold,Germaine
1,,,,,,,,,,,,,,,0:47,holding side control hold continues,caught in side control hold,Germaine
1,,,,,,,,,,,,,,,0:46,holding a L armpit and neck choke hold starts and holding side control hold continues,caught in choke hold and caught in side control hold,Germaine
1,,,,,,,,,,,,,,,0:45,holding choke hold continues and holding side control hold continues,caught in choke hold and caught in side control hold,Germaine
1,,,,,,,,,,,,,,,0:44,holding choke hold continues and holding side control hold continues,caught in choke hold and caught in side control hold,Germaine
1,,,,,,,,,,,,,,,0:43,holding choke hold continues and holding side control hold continues,caught in choke hold and caught in side control hold,Germaine
1,,,,,,,,,,,,,,,0:42,holding choke hold continues and holding side control hold continues,caught in choke hold and caught in side control hold,Germaine
1,,,,,,,,,,,,,,,0:41,holding choke hold continues and holding side control hold continues,caught in choke hold and caught in side control hold,Germaine
1,,,,,,,,,,,,,,,0:40,holding choke hold continues and holding side control hold continues,caught in choke hold and caught in side control hold,Germaine
1,,,,,,,,,,,,,,,0:39,holding choke hold continues and holding side control hold continues,caught in choke hold and caught in side control hold,Germaine
1,,,,,,,,,,,,,,,0:38,holding choke hold continues and holding side control hold continues,caught in choke hold and caught in side control hold,Germaine
1,,,,,,,,,,,,,,,0:37,holding choke hold continues and holding side control hold continues,caught in choke hold and caught in side control hold,Germaine
1,,,,,,,,,,,,,,,0:36,holding choke hold continues and holding side control hold continues,caught in choke hold and caught in side control hold,Germaine
1,,,,,,,,,,,,,,,0:35,holding choke hold continues and holding side control hold continues,caught in choke hold and caught in side control hold,Germaine
1,,,,,,,,,,,,,,,0:34,holding choke hold continues and holding side control hold continues,caught in choke hold and caught in side control hold,Germaine
1,,,,,,,,,,,,,,,0:33,holding choke hold continues and holding side control hold continues,caught in choke hold and caught in side control hold,Germaine
1,,,,,,,,,,,,,,,0:32,holding choke hold continues and holding side control hold continues,caught in choke hold and caught in side control hold,Germaine
1,,,,,,,,,,,,,,,0:31,holding choke hold continues and holding side control hold continues,caught in choke hold and caught in side control hold,Germaine
1,,,,,,,,,,,,,,,0:30,holding choke hold continues and holding side control hold continues,caught in choke hold and caught in side control hold,Germaine
1,,,,,,,,,,,,,,,0:29,loses choke hold and holding side control hold continues and pins L knee on opponent's abdomen,breaks choke hold and caught in side control hold,Germaine
1,,,,,,,,,,,,,,,0:28,misses R hammer to face  holding side control hold continues with knee pinning opponent's abdomen,caught in side control hold,Germaine
1,,,,,,,,,,,,,,,0:27, holding side control hold continues,caught in side control hold,Germaine
1,,,,,,,,,,,,,,,0:26,,caught in side control hold,Germaine
1,,,,,,,,,,,,,,,0:25,lands L downward elbow to the face from pinned side control mount,caught in side control hold,Germaine
1,,,,,,,,,,,,,,,0:24,misses L downward elbow to face,caught in side control hold,Germaine
1,,,,,,,,,,,,,,,0:23,loses side control hold,misses L upward kick to face but breaks the pinned side control mount hold ,Germaine
1,,,,,,,,,,,,,,,0:22,misses downward R cross to face,,Germaine
1,,,,,,,,,,,,,,,0:21,,,Germaine
1,,,,,,,,,,,,,,,0:20,,,Germaine
1,,,,,,,,,,,,,,,0:19,,,Germaine
1,,,,,,,,,,,,,,,0:18,,,Germaine
1,,,,,,,,,,,,,,,0:17,,,Germaine
1,,,,,,,,,,,,,,,0:16,caught in open guard hold ,misses upward R kick to face and in open guard hold  free room and holding open guard hold  starts,Germaine
1,,,,,,,,,,,,,,,0:15,caught in open guard hold ,holding open guard hold  continues,Germaine
1,,,,,,,,,,,,,,,0:14,caught in open guard hold ,holding open guard hold  continues,Germaine
1,,,,,,,,,,,,,,,0:13,caught in open guard hold ,holding open guard hold  continues,Germaine
1,,,,,,,,,,,,,,,0:12,misses downward flying R cross to face and caught in open guard hold ,holding open guard hold  continues,Germaine
1,,,,,,,,,,,,,,,0:11,caught in open guard hold ,holding open guard hold  continues,Germaine
1,,,,,,,,,,,,,,,0:10,caught in open guard hold ,holding open guard hold  and turning and push kicking legs towards opponent,Germaine
1,,,,,,,,,,,,,,,0:09,caught in open guard hold ,holding open guard hold  ,Germaine
1,,,,,,,,,,,,,,,0:08,caught in open guard hold ,holding open guard hold  ,Germaine
1,,,,,,,,,,,,,,,0:07,caught in open guard hold ,holding open guard hold  ,Germaine
1,,,,,,,,,,,,,,,0:06,caught in open guard hold ,holding open guard hold  ,Germaine
1,,,,,,,,,,,,,,,0:05,caught in open guard hold ,holding open guard hold  ,Germaine
1,,,,,,,,,,,,,,,0:04,caught in open guard hold ,holding open guard hold  ,Germaine
1,,,,,,,,,,,,,,,0:03,caught in open guard hold ,holding open guard hold  ,Germaine
1,,,,,,,,,,,,,,,0:02,caught in open guard hold ,holding open guard hold  ,Germaine
1,,,,,,,,,,,,,,,0:01,caught in open guard hold ,holding open guard hold  ,Germaine
1,,,,,,,,,,,,,,,0:00,round ends caught in open guard hold,round ends in holding open guard hold  ,Germaine
1,,,,,,,,,,,,,,,5:00,,,Tate
1,,,,,,,,,,,,,,,4:59,,,Tate
1,,,,,,,,,,,,,,,4:58,,,Tate
1,,,,,,,,,,,,,,,4:57,,,Tate
1,,,,,,,,,,,,,,,4:56,,,Tate
1,,,,,,,,,,,,,,,4:55,,,Tate
1,,,,,,,,,,,,,,,4:54,,,Tate
1,,,,,,,,,,,,,,,4:53,,,Tate
1,,,,,,,,,,,,,,,4:52,,,Tate
1,,,,,,,,,,,,,,,4:51,,,Tate
1,,,,,,,,,,,,,,,4:50,,misses R push kick,Tate
1,,,,,,,,,,,,,,,4:49,,,Tate
1,,,,,,,,,,,,,,,4:48,,,Tate
1,,,,,,,,,,,,,,,4:47,,,Tate
1,,,,,,,,,,,,,,,4:46,,misses R cross to face,Tate
1,,,,,,,,,,,,,,,4:45,,,Tate
1,,,,,,,,,,,,,,,4:44,,,Tate
1,,,,,,,,,,,,,,,4:43,misses L jab,,Tate
1,,,,,,,,,,,,,,,4:42,,,Tate
1,,,,,,,,,,,,,,,4:41,misses R mt kick to low L lead leg,,Tate
1,,,,,,,,,,,,,,,4:40,,,Tate
1,,,,,,,,,,,,,,,4:39,,,Tate
1,,,,,,,,,,,,,,,4:38,,,Tate
1,,,,,,,,,,,,,,,4:37,,,Tate
1,,,,,,,,,,,,,,,4:36,,,Tate
1,,,,,,,,,,,,,,,4:35,,,Tate
1,,,,,,,,,,,,,,,4:34,,,Tate
1,,,,,,,,,,,,,,,4:33,,,Tate
1,,,,,,,,,,,,,,,4:32,,,Tate
1,,,,,,,,,,,,,,,4:31,,,Tate
1,,,,,,,,,,,,,,,4:30,,,Tate
1,,,,,,,,,,,,,,,4:29,,,Tate
1,,,,,,,,,,,,,,,4:28,,,Tate
1,,,,,,,,,,,,,,,4:27,,,Tate
1,,,,,,,,,,,,,,,4:26,,,Tate
1,,,,,,,,,,,,,,,4:25,,,Tate
1,,,,,,,,,,,,,,,4:24,,,Tate
1,,,,,,,,,,,,,,,4:23,,,Tate
1,,,,,,,,,,,,,,,4:22,,misses L jab,Tate
1,,,,,,,,,,,,,,,4:21,misses R mt kick to low L lead leg,,Tate
1,,,,,,,,,,,,,,,4:20,,,Tate
1,,,,,,,,,,,,,,,4:19,,,Tate
1,,,,,,,,,,,,,,,4:18,,misses L jab,Tate
1,,,,,,,,,,,,,,,4:17,,,Tate
1,,,,,,,,,,,,,,,4:16,,,Tate
1,,,,,,,,,,,,,,,4:15,,,Tate
1,,,,,,,,,,,,,,,4:14,,,Tate
1,,,,,,,,,,,,,,,4:13,,,Tate
1,,,,,,,,,,,,,,,4:12,,,Tate
1,,,,,,,,,,,,,,,4:11,,misses L mt kick inside L leg,Tate
1,,,,,,,,,,,,,,,4:10,,,Tate
1,,,,,,,,,,,,,,,4:09,,,Tate
1,,,,,,,,,,,,,,,4:08,,,Tate
1,,,,,,,,,,,,,,,4:07,,,Tate
1,,,,,,,,,,,,,,,4:06,,,Tate
1,,,,,,,,,,,,,,,4:05,,,Tate
1,,,,,,,,,,,,,,,4:04,misses L jab,,Tate
1,,,,,,,,,,,,,,,4:03,,,Tate
1,,,,,,,,,,,,,,,4:02,,,Tate
1,,,,,,,,,,,,,,,4:01,,,Tate
1,,,,,,,,,,,,,,,4:00,misses R mt kick to low L lead leg,attempts one leg takedown,Tate
1,,,,,,,,,,,,,,,3:59,,lands one leg takedown,Tate
1,,,,,,,,,,,,,,,3:58,,,Tate
1,,,,,,,,,,,,,,,3:57,gets up out of takedown,,Tate
1,,,,,,,,,,,,,,,3:56,,,Tate
1,,,,,,,,,,,,,,,3:55,,tries for L leg takedown,Tate
1,,,,,,,,,,,,,,,3:54,,,Tate
1,,,,,,,,,,,,,,,3:53,,,Tate
1,,,,,,,,,,,,,,,3:52,,"misses R knee, fails takedown",Tate
1,,,,,,,,,,,,,,,3:51,misses R cross to face,,Tate
1,,,,,,,,,,,,,,,3:50,,,Tate
1,,,,,,,,,,,,,,,3:49,,,Tate
1,,,,,,,,,,,,,,,3:48,,,Tate
1,,,,,,,,,,,,,,,3:47,misses R mt kick to low L lead leg,,Tate
1,,,,,,,,,,,,,,,3:46,,,Tate
1,,,,,,,,,,,,,,,3:45,,,Tate
1,,,,,,,,,,,,,,,3:44,,,Tate
1,,,,,,,,,,,,,,,3:43,,,Tate
1,,,,,,,,,,,,,,,3:42,,,Tate
1,,,,,,,,,,,,,,,3:41,,,Tate
1,,,,,,,,,,,,,,,3:40,,,Tate
1,,,,,,,,,,,,,,,3:39,,,Tate
1,,,,,,,,,,,,,,,3:38,,,Tate
1,,,,,,,,,,,,,,,3:37,,,Tate
1,,,,,,,,,,,,,,,3:36,,,Tate
1,,,,,,,,,,,,,,,3:35,,,Tate
1,,,,,,,,,,,,,,,3:34,,,Tate
1,,,,,,,,,,,,,,,3:33,,,Tate
1,,,,,,,,,,,,,,,3:32,,,Tate
1,,,,,,,,,,,,,,,3:31,,,Tate
1,,,,,,,,,,,,,,,3:30,,,Tate
1,,,,,,,,,,,,,,,3:29,,,Tate
1,,,,,,,,,,,,,,,3:28,misses R cross to face,goes for takedown at waist,Tate
1,,,,,,,,,,,,,,,3:27,,,Tate
1,,,,,,,,,,,,,,,3:26,,fails takedown,Tate
1,,,,,,,,,,,,,,,3:25,,,Tate
1,,,,,,,,,,,,,,,3:24,,,Tate
1,,,,,,,,,,,,,,,3:23,,,Tate
1,,,,,,,,,,,,,,,3:22,,,Tate
1,,,,,,,,,,,,,,,3:21,,,Tate
1,,,,,,,,,,,,,,,3:20,,,Tate
1,,,,,,,,,,,,,,,3:19,,,Tate
1,,,,,,,,,,,,,,,3:18,misses R cross to face,"misses L jab, goes for waist takedown",Tate
1,,,,,,,,,,,,,,,3:17,,,Tate
1,,,,,,,,,,,,,,,3:16,,,Tate
1,,,,,,,,,,,,,,,3:15,lands body throw takedown gets up,on floor reaching,Tate
1,,,,,,,,,,,,,,,3:14,,,Tate
1,,,,,,,,,,,,,,,3:13,misses illegal right knee to the face,gets up from floor,Tate
1,,,,,,,,,,,,,,,3:12,,,Tate
1,,,,,,,,,,,,,,,3:11,,,Tate
1,,,,,,,,,,,,,,,3:10,,,Tate
1,,,,,,,,,,,,,,,3:09,,,Tate
1,,,,,,,,,,,,,,,3:08,,,Tate
1,,,,,,,,,,,,,,,3:07,,,Tate
1,,,,,,,,,,,,,,,3:06,,,Tate
1,,,,,,,,,,,,,,,3:05,misses L jab,misses R cross to face,Tate
1,,,,,,,,,,,,,,,3:04,"misses L jab, misses R cross to face",ducks,Tate
1,,,,,,,,,,,,,,,3:03,,,Tate
1,,,,,,,,,,,,,,,3:02,,,Tate
1,,,,,,,,,,,,,,,3:01,,,Tate
1,,,,,,,,,,,,,,,3:00,misses R cross to face,lands L push kick to body,Tate
1,,,,,,,,,,,,,,,2:59,,,Tate
1,,,,,,,,,,,,,,,2:58,,,Tate
1,,,,,,,,,,,,,,,2:57,,,Tate
1,,,,,,,,,,,,,,,2:56,,,Tate
1,,,,,,,,,,,,,,,2:55,,,Tate
1,,,,,,,,,,,,,,,2:54,,,Tate
1,,,,,,,,,,,,,,,2:53,,,Tate
1,,,,,,,,,,,,,,,2:52,,,Tate
1,,,,,,,,,,,,,,,2:51,,,Tate
1,,,,,,,,,,,,,,,2:50,misses L jab,misses L jab,Tate
1,,,,,,,,,,,,,,,2:49,lands R cross,misses R cross to face,Tate
1,,,,,,,,,,,,,,,2:48,,,Tate
1,,,,,,,,,,,,,,,2:47,misses R cross to face,,Tate
1,,,,,,,,,,,,,,,2:46,misses R cross to face,,Tate
1,,,,,,,,,,,,,,,2:45,,,Tate
1,,,,,,,,,,,,,,,2:44,misses R cross to face,,Tate
1,,,,,,,,,,,,,,,2:43,,,Tate
1,,,,,,,,,,,,,,,2:42,"misses L jab to face, ducks to avoid body takedown from missed L jab",misses L jab to face,Tate
1,,,,,,,,,,,,,,,2:41,,,Tate
1,,,,,,,,,,,,,,,2:40,misses R cross to face,,Tate
1,,,,,,,,,,,,,,,2:39,,,Tate
1,,,,,,,,,,,,,,,2:38,,,Tate
1,,,,,,,,,,,,,,,2:37,,,Tate
1,,,,,,,,,,,,,,,2:36,misses L jab,,Tate
1,,,,,,,,,,,,,,,2:35,,,Tate
1,,,,,,,,,,,,,,,2:34,lands R cross to face,misses L jab and ducks,Tate
1,,,,,,,,,,,,,,,2:33,misses R cross to face,,Tate
1,,,,,,,,,,,,,,,2:32,lands L hook to face,holding arms up,Tate
1,,,,,,,,,,,,,,,2:31,misses R cross to face,holding arms up,Tate
1,,,,,,,,,,,,,,,2:30,,,Tate
1,,,,,,,,,,,,,,,2:29,,stumbles to ground moving backward,Tate
1,,,,,,,,,,,,,,,2:28,lands R cross,on ground trying to stand,Tate
1,,,,,,,,,,,,,,,2:27,lands L upper to face,stands up blocking face,Tate
1,,,,,,,,,,,,,,,2:26,"misses R upper to face, misses R upper to face",blocking hits with arms guarding face,Tate
1,,,,,,,,,,,,,,,2:25,,,Tate
1,,,,,,,,,,,,,,,2:24,,,Tate
1,,,,,,,,,,,,,,,2:23,lands L knee to face,,Tate
1,,,,,,,,,,,,,,,2:22,,,Tate
1,,,,,,,,,,,,,,,2:21,"misses L jab, misses R cross to face",guarding face with arms standing blocking hits,Tate
1,,,,,,,,,,,,,,,2:20,,,Tate
1,,,,,,,,,,,,,,,2:19,lands L jab to face,misses L push kick,Tate
1,,,,,,,,,,,,,,,2:18,misses R cross to face,guarding face with arms standing blocking hits,Tate
1,,,,,,,,,,,,,,,2:17,,,Tate
1,,,,,,,,,,,,,,,2:16,misses R mt kick to inside R leg,,Tate
1,,,,,,,,,,,,,,,2:15,"lands L jab to face, lands R cross to face",holding arms up,Tate
1,,,,,,,,,,,,,,,2:14,,,Tate
1,,,,,,,,,,,,,,,2:13,,,Tate
1,,,,,,,,,,,,,,,2:12,,,Tate
1,,,,,,,,,,,,,,,2:11,misses R cross to face,"dives for takedown, ends up on ground",Tate
1,,,,,,,,,,,,,,,2:10,,,Tate
1,,,,,,,,,,,,,,,2:09,,,Tate
1,,,,,,,,,,,,,,,2:08,,,Tate
1,,,,,,,,,,,,,,,2:07,,,Tate
1,,,,,,,,,,,,,,,2:06,,,Tate
1,,,,,,,,,,,,,,,2:05,,,Tate
1,,,,,,,,,,,,,,,2:04,,,Tate
1,,,,,,,,,,,,,,,2:03,,,Tate
1,,,,,,,,,,,,,,,2:02,,,Tate
1,,,,,,,,,,,,,,,2:01,,,Tate
1,,,,,,,,,,,,,,,2:00,lands 2 hammer hits R face on top back,on ground,Tate
1,,,,,,,,,,,,,,,1:59,lands 2 hammer hits L face on top back,on ground,Tate
1,,,,,,,,,,,,,,,1:58,,,Tate
1,,,,,,,,,,,,,,,1:57,,,Tate
1,,,,,,,,,,,,,,,1:56,lands 2 hammer hits L face on top back,,Tate
1,,,,,,,,,,,,,,,1:55,,,Tate
1,,,,,,,,,,,,,,,1:54,,,Tate
1,,,,,,,,,,,,,,,1:53,,,Tate
1,,,,,,,,,,,,,,,1:52,,,Tate
1,,,,,,,,,,,,,,,1:51,,,Tate
1,,,,,,,,,,,,,,,1:50,lands RNC,,Tate
1,,,,,,,,,,,,,,,1:49,,,Tate
1,,,,,,,,,,,,,,,1:48,flips on back w RNC,,Tate
1,,,,,,,,,,,,,,,1:47,,,Tate
1,,,,,,,,,,,,,,,1:46,,taps out,Tate
1,,,,,,,,,,,,,,,5:00,,,Pennington
1,,,,,,,,,,,,,,,4:59,,,Pennington
1,,,,,,,,,,,,,,,4:58,,,Pennington
1,,,,,,,,,,,,,,,4:57,,,Pennington
1,,,,,,,,,,,,,,,4:56,,,Pennington
1,,,,,,,,,,,,,,,4:55,,,Pennington
1,,,,,,,,,,,,,,,4:54,,,Pennington
1,,,,,,,,,,,,,,,4:53,,,Pennington
1,,,,,,,,,,,,,,,4:52,,,Pennington
1,,,,,,,,,,,,,,,4:51,,,Pennington
1,,,,,,,,,,,,,,,4:50,,,Pennington
1,,,,,,,,,,,,,,,4:49,,,Pennington
1,,,,,,,,,,,,,,,4:48,,,Pennington
1,,,,,,,,,,,,,,,4:47,,,Pennington
1,,,,,,,,,,,,,,,4:46,,,Pennington
1,,,,,,,,,,,,,,,4:45,,,Pennington
1,,,,,,,,,,,,,,,4:44,,,Pennington
1,,,,,,,,,,,,,,,4:43,,,Pennington
1,,,,,,,,,,,,,,,4:42,,,Pennington
1,,,,,,,,,,,,,,,4:41,,,Pennington
1,,,,,,,,,,,,,,,4:40,,,Pennington
1,,,,,,,,,,,,,,,4:39,,,Pennington
1,,,,,,,,,,,,,,,4:38,,,Pennington
1,,,,,,,,,,,,,,,4:37,misses R mt kick to low L lead leg,falls avoiding the kick,Pennington
1,,,,,,,,,,,,,,,4:36,,,Pennington
1,,,,,,,,,,,,,,,4:35,,,Pennington
1,,,,,,,,,,,,,,,4:34,,,Pennington
1,,,,,,,,,,,,,,,4:33,,,Pennington
1,,,,,,,,,,,,,,,4:32,,,Pennington
1,,,,,,,,,,,,,,,4:31,,,Pennington
1,,,,,,,,,,,,,,,4:30,,,Pennington
1,,,,,,,,,,,,,,,4:29,,,Pennington
1,,,,,,,,,,,,,,,4:28,,,Pennington
1,,,,,,,,,,,,,,,4:27,,,Pennington
1,,,,,,,,,,,,,,,4:26,,,Pennington
1,,,,,,,,,,,,,,,4:25,misses R cross,,Pennington
1,,,,,,,,,,,,,,,4:24,,,Pennington
1,,,,,,,,,,,,,,,4:23,,,Pennington
1,,,,,,,,,,,,,,,4:22,misses R mt kick to low L lead leg,blocks with L hand kick,Pennington
1,,,,,,,,,,,,,,,4:21,,,Pennington
1,,,,,,,,,,,,,,,4:20,,,Pennington
1,,,,,,,,,,,,,,,4:19,misses R mt kick to low L lead leg,lifts L leg to avoid kick,Pennington
1,,,,,,,,,,,,,,,4:18,,,Pennington
1,,,,,,,,,,,,,,,4:17,,,Pennington
1,,,,,,,,,,,,,,,4:16,,,Pennington
1,,,,,,,,,,,,,,,4:15,,,Pennington
1,,,,,,,,,,,,,,,4:14,misses R mt kick to low L lead leg,jumps back to avoid kick,Pennington
1,,,,,,,,,,,,,,,4:13,,,Pennington
1,,,,,,,,,,,,,,,4:12,,,Pennington
1,,,,,,,,,,,,,,,4:11,,,Pennington
1,,,,,,,,,,,,,,,4:10,,,Pennington
1,,,,,,,,,,,,,,,4:09,,,Pennington
1,,,,,,,,,,,,,,,4:08,,,Pennington
1,,,,,,,,,,,,,,,4:07,,,Pennington
1,,,,,,,,,,,,,,,4:06,,,Pennington
1,,,,,,,,,,,,,,,4:05,,,Pennington
1,,,,,,,,,,,,,,,4:04,,,Pennington
1,,,,,,,,,,,,,,,4:03,,,Pennington
1,,,,,,,,,,,,,,,4:02,,,Pennington
1,,,,,,,,,,,,,,,4:01,,,Pennington
1,,,,,,,,,,,,,,,4:00,misses L jab to face,leans back to avoid jab,Pennington
1,,,,,,,,,,,,,,,3:59,,,Pennington
1,,,,,,,,,,,,,,,3:58,misses R mt kick to low L lead leg,jumps back to avoid kick,Pennington
1,,,,,,,,,,,,,,,3:57,,"stumbles, drops to ground off balance",Pennington
1,,,,,,,,,,,,,,,3:56,,,Pennington
1,,,,,,,,,,,,,,,3:55,,,Pennington
1,,,,,,,,,,,,,,,3:54,feigns L mt kick to inside L lead leg,,Pennington
1,,,,,,,,,,,,,,,3:53,,,Pennington
1,,,,,,,,,,,,,,,3:52,,,Pennington
1,,,,,,,,,,,,,,,3:51,missses R mt kick to low L lead leg,misses R cross,Pennington
1,,,,,,,,,,,,,,,3:50,,,Pennington
1,,,,,,,,,,,,,,,3:49,,,Pennington
1,,,,,,,,,,,,,,,3:48,,,Pennington
1,,,,,,,,,,,,,,,3:47,,,Pennington
1,,,,,,,,,,,,,,,3:46,misses R mt kick to low L lead leg,jumps back to avoid kick,Pennington
1,,,,,,,,,,,,,,,3:45,,,Pennington
1,,,,,,,,,,,,,,,3:44,,,Pennington
1,,,,,,,,,,,,,,,3:43,,,Pennington
1,,,,,,,,,,,,,,,3:42,"lands L jab to body, misses R cross to face",,Pennington
1,,,,,,,,,,,,,,,3:41,,,Pennington
1,,,,,,,,,,,,,,,3:40,,,Pennington
1,,,,,,,,,,,,,,,3:39,misses L jab to body,,Pennington
1,,,,,,,,,,,,,,,3:38,misses R mt kick to low L lead leg,blocks kick with L leg knee raised,Pennington
1,,,,,,,,,,,,,,,3:37,,,Pennington
1,,,,,,,,,,,,,,,3:36,,,Pennington
1,,,,,,,,,,,,,,,3:35,,,Pennington
1,,,,,,,,,,,,,,,3:34,misses R mt kick to low L lead leg,jumps back to avoid kick,Pennington
1,,,,,,,,,,,,,,,3:33,,"misses L jab to face, misses R cross",Pennington
1,,,,,,,,,,,,,,,3:32,,misses L hook to face,Pennington
1,,,,,,,,,,,,,,,3:31,misses R mt kick to low L lead leg,,Pennington
1,,,,,,,,,,,,,,,3:30,,,Pennington
1,,,,,,,,,,,,,,,3:29,,,Pennington
1,,,,,,,,,,,,,,,3:28,,,Pennington
1,,,,,,,,,,,,,,,3:27,,,Pennington
1,,,,,,,,,,,,,,,3:26,misses L jab to body,,Pennington
1,,,,,,,,,,,,,,,3:25,,,Pennington
1,,,,,,,,,,,,,,,3:24,,,Pennington
1,,,,,,,,,,,,,,,3:23,,,Pennington
1,,,,,,,,,,,,,,,3:22,misses R mt kick to low L lead leg,lifts L leg to avoid kick,Pennington
1,,,,,,,,,,,,,,,3:21,"misses L jab to face, misses R cross to face","misses L hook to face, misses R cross to face",Pennington
1,,,,,,,,,,,,,,,3:20,pushes off with R forearm,getting push back on heels,Pennington
1,,,,,,,,,,,,,,,3:19,,,Pennington
1,,,,,,,,,,,,,,,3:18,,,Pennington
1,,,,,,,,,,,,,,,3:17,misses L jab to body,blocks jab with raised L leg,Pennington
1,,,,,,,,,,,,,,,3:16,,,Pennington
1,,,,,,,,,,,,,,,3:15,,,Pennington
1,,,,,,,,,,,,,,,3:14,,,Pennington
1,,,,,,,,,,,,,,,3:13,,,Pennington
1,,,,,,,,,,,,,,,3:12,"lands R mt kick to low L back of knee, misses L jab, misses R cross","blocks L jab, ducks back from R cross",Pennington
1,,,,,,,,,,,,,,,3:11,"blocks L jab by raising L Shoulder, misses R cross to face","misses L jab to face , ducks R cross to face",Pennington
1,,,,,,,,,,,,,,,3:10,pushes Face with R hand and away,attempts body clinch,Pennington
1,,,,,,,,,,,,,,,3:09,,,Pennington
1,,,,,,,,,,,,,,,3:08,,,Pennington
1,,,,,,,,,,,,,,,3:07,,,Pennington
1,,,,,,,,,,,,,,,3:06,,,Pennington
1,,,,,,,,,,,,,,,3:05,,,Pennington
1,,,,,,,,,,,,,,,3:04,misses L jab to body,misses L kick to body,Pennington
1,,,,,,,,,,,,,,,3:03,,,Pennington
1,,,,,,,,,,,,,,,3:02,,,Pennington
1,,,,,,,,,,,,,,,3:01,,,Pennington
1,,,,,,,,,,,,,,,3:00,"misses L jab to body, leans back from R cross to face",misses R cross to face,Pennington
1,,,,,,,,,,,,,,,2:59,misses R cross,ducks R cross,Pennington
1,,,,,,,,,,,,,,,2:58,,misses R cross to face,Pennington
1,,,,,,,,,,,,,,,2:57,,,Pennington
1,,,,,,,,,,,,,,,2:56,,,Pennington
1,,,,,,,,,,,,,,,2:55,misses L jab to face,blocks w L arm,Pennington
1,,,,,,,,,,,,,,,2:54,,,Pennington
1,,,,,,,,,,,,,,,2:53,,,Pennington
1,,,,,,,,,,,,,,,2:52,,,Pennington
1,,,,,,,,,,,,,,,2:51,misses L jab to body,,Pennington
1,,,,,,,,,,,,,,,2:50,,,Pennington
1,,,,,,,,,,,,,,,2:49,,,Pennington
1,,,,,,,,,,,,,,,2:48,misses R cross to face,blocks with L shoulder,Pennington
1,,,,,,,,,,,,,,,2:47,misses L jab to face,blocks with R hand the jab,Pennington
1,,,,,,,,,,,,,,,2:46,,,Pennington
1,,,,,,,,,,,,,,,2:45,,,Pennington
1,,,,,,,,,,,,,,,2:44,ducks ,misses R hook to face,Pennington
1,,,,,,,,,,,,,,,2:43,,,Pennington
1,,,,,,,,,,,,,,,2:42,,,Pennington
1,,,,,,,,,,,,,,,2:41,misses R mt kick to low L lead leg,jumps back to avoid kick,Pennington
1,,,,,,,,,,,,,,,2:40,,,Pennington
1,,,,,,,,,,,,,,,2:39,,,Pennington
1,,,,,,,,,,,,,,,2:38,ducks and clinches waist pushes to cage,"misses L jab, misses R cross to face",Pennington
1,,,,,,,,,,,,,,,2:37,,,Pennington
1,,,,,,,,,,,,,,,2:36,,,Pennington
1,,,,,,,,,,,,,,,2:35,,,Pennington
1,,,,,,,,,,,,,,,2:34,,,Pennington
1,,,,,,,,,,,,,,,2:33,,,Pennington
1,,,,,,,,,,,,,,,2:32,,,Pennington
1,,,,,,,,,,,,,,,2:31,,,Pennington
1,,,,,,,,,,,,,,,2:30,,,Pennington
1,,,,,,,,,,,,,,,2:29,,,Pennington
1,,,,,,,,,,,,,,,2:28,,,Pennington
1,,,,,,,,,,,,,,,2:27,,,Pennington
1,,,,,,,,,,,,,,,2:26,lands R upper to face ,,Pennington
1,,,,,,,,,,,,,,,2:25,misses R cross to face,blocks R cross with L arm against cage,Pennington
1,,,,,,,,,,,,,,,2:24,,,Pennington
1,,,,,,,,,,,,,,,2:23,,,Pennington
1,,,,,,,,,,,,,,,2:22,lands R mt kick to low L back of knee,,Pennington
1,,,,,,,,,,,,,,,2:21,,lands R cross to face,Pennington
1,,,,,,,,,,,,,,,2:20,blocks L hook with R overhead arm,misses L hook to face,Pennington
1,,,,,,,,,,,,,,,2:19,,,Pennington
1,,,,,,,,,,,,,,,2:18,,,Pennington
1,,,,,,,,,,,,,,,2:17,,,Pennington
1,,,,,,,,,,,,,,,2:16,,,Pennington
1,,,,,,,,,,,,,,,2:15,,,Pennington
1,,,,,,,,,,,,,,,2:14,misses R mt kick to low L lead leg,jumps back to avoid kick,Pennington
1,,,,,,,,,,,,,,,2:13,,,Pennington
1,,,,,,,,,,,,,,,2:12,,,Pennington
1,,,,,,,,,,,,,,,2:11,,,Pennington
1,,,,,,,,,,,,,,,2:10,,,Pennington
1,,,,,,,,,,,,,,,2:09,,,Pennington
1,,,,,,,,,,,,,,,2:08,,,Pennington
1,,,,,,,,,,,,,,,2:07,,,Pennington
1,,,,,,,,,,,,,,,2:06,lands R push kick to body,,Pennington
1,,,,,,,,,,,,,,,2:05,"misses L jab, misses R cross to face",,Pennington
1,,,,,,,,,,,,,,,2:04,,,Pennington
1,,,,,,,,,,,,,,,2:03,,,Pennington
1,,,,,,,,,,,,,,,2:02,,,Pennington
1,,,,,,,,,,,,,,,2:01,,,Pennington
1,,,,,,,,,,,,,,,2:00,,lands L knee in clinch control,Pennington
1,,,,,,,,,,,,,,,1:59,,,Pennington
1,,,,,,,,,,,,,,,1:58,,,Pennington
1,,,,,,,,,,,,,,,1:57,,,Pennington
1,,,,,,,,,,,,,,,1:56,misses R push kick to body,jumps back to avoid kick,Pennington
1,,,,,,,,,,,,,,,1:55,,,Pennington
1,,,,,,,,,,,,,,,1:54,misses L jab to face,,Pennington
1,,,,,,,,,,,,,,,1:53,,,Pennington
1,,,,,,,,,,,,,,,1:52,,,Pennington
1,,,,,,,,,,,,,,,1:51,,,Pennington
1,,,,,,,,,,,,,,,1:50,,,Pennington
1,,,,,,,,,,,,,,,1:49,"misses R cross to face, misses R cross to face",ducks R cross,Pennington
1,,,,,,,,,,,,,,,1:48,,,Pennington
1,,,,,,,,,,,,,,,1:47,,,Pennington
1,,,,,,,,,,,,,,,1:46,misses R mt kick to low L lead leg,,Pennington
1,,,,,,,,,,,,,,,1:45,,,Pennington
1,,,,,,,,,,,,,,,1:44,misses R cross to face,ducks R cross,Pennington
1,,,,,,,,,,,,,,,1:43,,,Pennington
1,,,,,,,,,,,,,,,1:42,,,Pennington
1,,,,,,,,,,,,,,,1:41,misses R mt kick to body,,Pennington
1,,,,,,,,,,,,,,,1:40,,misses L push kick against cage,Pennington
1,,,,,,,,,,,,,,,1:39,,,Pennington
1,,,,,,,,,,,,,,,1:38,,,Pennington
1,,,,,,,,,,,,,,,1:37,,,Pennington
1,,,,,,,,,,,,,,,1:36,ducks,"misses L jab, misses R cross",Pennington
1,,,,,,,,,,,,,,,1:35,misses R upper to face,jumps back to avoid upper,Pennington
1,,,,,,,,,,,,,,,1:34,,,Pennington
1,,,,,,,,,,,,,,,1:33,,,Pennington
1,,,,,,,,,,,,,,,1:32,,,Pennington
1,,,,,,,,,,,,,,,1:31,,,Pennington
1,,,,,,,,,,,,,,,1:30,"misses L jab, misses R cross to face",blocks and leans to side pushing R cross with Left hand,Pennington
1,,,,,,,,,,,,,,,1:29,,,Pennington
1,,,,,,,,,,,,,,,1:28,,,Pennington
1,,,,,,,,,,,,,,,1:27,,,Pennington
1,,,,,,,,,,,,,,,1:26,,,Pennington
1,,,,,,,,,,,,,,,1:25,,,Pennington
1,,,,,,,,,,,,,,,1:24,,,Pennington
1,,,,,,,,,,,,,,,1:23,misses L jab to body,,Pennington
1,,,,,,,,,,,,,,,1:22,,,Pennington
1,,,,,,,,,,,,,,,1:21,,,Pennington
1,,,,,,,,,,,,,,,1:20,,,Pennington
1,,,,,,,,,,,,,,,1:19,,,Pennington
1,,,,,,,,,,,,,,,1:18,,,Pennington
1,,,,,,,,,,,,,,,1:17,,,Pennington
1,,,,,,,,,,,,,,,1:16,,,Pennington
1,,,,,,,,,,,,,,,1:15,,,Pennington
1,,,,,,,,,,,,,,,1:14,,,Pennington
1,,,,,,,,,,,,,,,1:13,feigns L mt kick to head,steps back drops L arm as if to block or push leg down,Pennington
1,,,,,,,,,,,,,,,1:12,,,Pennington
1,,,,,,,,,,,,,,,1:11,"misses L jab, misses R cross to face",misses R cross to face,Pennington
1,,,,,,,,,,,,,,,1:10,,,Pennington
1,,,,,,,,,,,,,,,1:09,,,Pennington
1,,,,,,,,,,,,,,,1:08,,,Pennington
1,,,,,,,,,,,,,,,1:07,,,Pennington
1,,,,,,,,,,,,,,,1:06,,,Pennington
1,,,,,,,,,,,,,,,1:05,,,Pennington
1,,,,,,,,,,,,,,,1:04,,,Pennington
1,,,,,,,,,,,,,,,1:03,,,Pennington
1,,,,,,,,,,,,,,,1:02,,,Pennington
1,,,,,,,,,,,,,,,1:01,,,Pennington
1,,,,,,,,,,,,,,,1:00,,,Pennington
1,,,,,,,,,,,,,,,0:59,,,Pennington
1,,,,,,,,,,,,,,,0:58,,,Pennington
1,,,,,,,,,,,,,,,0:57,,,Pennington
1,,,,,,,,,,,,,,,0:56,,,Pennington
1,,,,,,,,,,,,,,,0:55,,,Pennington
1,,,,,,,,,,,,,,,0:54,,,Pennington
1,,,,,,,,,,,,,,,0:53,,,Pennington
1,,,,,,,,,,,,,,,0:52,misses R mt kick to low L lead leg,,Pennington
1,,,,,,,,,,,,,,,0:51,,,Pennington
1,,,,,,,,,,,,,,,0:50,,"misses L jab, misses running R cross to face",Pennington
1,,,,,,,,,,,,,,,0:49,misses R cross to face,,Pennington
1,,,,,,,,,,,,,,,0:48,,,Pennington
1,,,,,,,,,,,,,,,0:47,,,Pennington
1,,,,,,,,,,,,,,,0:46,,,Pennington
1,,,,,,,,,,,,,,,0:45,,,Pennington
1,,,,,,,,,,,,,,,0:44,"misses L jab, misses R cross to face",misses L hook to face,Pennington
1,,,,,,,,,,,,,,,0:43,,,Pennington
1,,,,,,,,,,,,,,,0:42,,,Pennington
1,,,,,,,,,,,,,,,0:41,,,Pennington
1,,,,,,,,,,,,,,,0:40,misses L mt kick to inside L lead leg,,Pennington
1,,,,,,,,,,,,,,,0:39,,"feigns L mt kick to inside L leg, raises arms",Pennington
1,,,,,,,,,,,,,,,0:38,,,Pennington
1,,,,,,,,,,,,,,,0:37,,,Pennington
1,,,,,,,,,,,,,,,0:36,,,Pennington
1,,,,,,,,,,,,,,,0:35,,,Pennington
1,,,,,,,,,,,,,,,0:34,,,Pennington
1,,,,,,,,,,,,,,,0:33,,,Pennington
1,,,,,,,,,,,,,,,0:32,,lands R push kick against cage,Pennington
1,,,,,,,,,,,,,,,0:31,,,Pennington
1,,,,,,,,,,,,,,,0:30,,,Pennington
1,,,,,,,,,,,,,,,0:29,,,Pennington
1,,,,,,,,,,,,,,,0:28,,feigns L push kick against cage,Pennington
1,,,,,,,,,,,,,,,0:27,,attempts one legged takedown from cage,Pennington
1,,,,,,,,,,,,,,,0:26,lands L knee to body with neck clinch,,Pennington
1,,,,,,,,,,,,,,,0:25,,,Pennington
1,,,,,,,,,,,,,,,0:24,,,Pennington
1,,,,,,,,,,,,,,,0:23,misses L jab to face,,Pennington
1,,,,,,,,,,,,,,,0:22,,,Pennington
1,,,,,,,,,,,,,,,0:21,,,Pennington
1,,,,,,,,,,,,,,,0:20,,,Pennington
1,,,,,,,,,,,,,,,0:19,,,Pennington
1,,,,,,,,,,,,,,,0:18,,,Pennington
1,,,,,,,,,,,,,,,0:17,,lifts L leg for mt kick projected,Pennington
1,,,,,,,,,,,,,,,0:16,,"misses L jab, misses R cross to face",Pennington
1,,,,,,,,,,,,,,,0:15,,,Pennington
1,,,,,,,,,,,,,,,0:14,misses R mt kick to low L lead leg,jumps back,Pennington
1,,,,,,,,,,,,,,,0:13,,,Pennington
1,,,,,,,,,,,,,,,0:12,,,Pennington
1,,,,,,,,,,,,,,,0:11,,,Pennington
1,,,,,,,,,,,,,,,0:10,misses R cross to face,leans back to avoid R cross to face,Pennington
1,,,,,,,,,,,,,,,0:09,,"misses R cross, misses L hook to face",Pennington
1,,,,,,,,,,,,,,,0:08,,misses R cross,Pennington
1,,,,,,,,,,,,,,,0:07,misses R cross,,Pennington
1,,,,,,,,,,,,,,,0:06,,,Pennington
1,,,,,,,,,,,,,,,0:05,,,Pennington
1,,,,,,,,,,,,,,,0:04,,,Pennington
1,,,,,,,,,,,,,,,0:03,misses L jab,jumps back,Pennington
1,,,,,,,,,,,,,,,0:02,,,Pennington
1,,,,,,,,,,,,,,,0:01,,,Pennington
1,,,,,,,,,,,,,,,0:00,misses R push kick to body,,Pennington
1,,,,,,,,,,,,,,,5:00,,,Rousey
1,,,,,,,,,,,,,,,4:59,,,Rousey
1,,,,,,,,,,,,,,,4:58,,,Rousey
1,,,,,,,,,,,,,,,4:57,,,Rousey
1,,,,,,,,,,,,,,,4:56,,,Rousey
1,,,,,,,,,,,,,,,4:55,,,Rousey
1,,,,,,,,,,,,,,,4:54,missed a L jab to face,,Rousey
1,,,,,,,,,,,,,,,4:53,missed a R cross to face,missed a L jab to face,Rousey
1,,,,,,,,,,,,,,,4:52,,,Rousey
1,,,,,,,,,,,,,,,4:51,missed a R cross to face,,Rousey
1,,,,,,,,,,,,,,,4:50,missed a R push kick to body,,Rousey
1,,,,,,,,,,,,,,,4:49,"missed a R cross to face, lands a L jab to face",missed a R cross to face,Rousey
1,,,,,,,,,,,,,,,4:48,"missed a L jab to face, lands a R cross to face ",missed a L push kick to body,Rousey
1,,,,,,,,,,,,,,,4:47,,,Rousey
1,,,,,,,,,,,,,,,4:46,,,Rousey
1,,,,,,,,,,,,,,,4:45,"missed a R cross, missed a L jab to face, missed a R cross to face",,Rousey
1,,,,,,,,,,,,,,,4:44,,,Rousey
1,,,,,,,,,,,,,,,4:43,missed a R push kick to body,,Rousey
1,,,,,,,,,,,,,,,4:42,,,Rousey
1,,,,,,,,,,,,,,,4:41,lands a R cross to face,"missed a L push kick to body, missed a L jab to face",Rousey
1,,,,,,,,,,,,,,,4:40,turns body to side gets out of clinch,attempts head clinch,Rousey
1,,,,,,,,,,,,,,,4:39,,,Rousey
1,,,,,,,,,,,,,,,4:38,,misses L front push kick to body,Rousey
1,,,,,,,,,,,,,,,4:37,"lands L jab to face, misses R cross to face","blocks, ducks cross",Rousey
1,,,,,,,,,,,,,,,4:36,"misses L jab to face, misses R cross to face, ",blocks jab and cross,Rousey
1,,,,,,,,,,,,,,,4:35,lands L jab to face face,,Rousey
1,,,,,,,,,,,,,,,4:34,"misses R cross to face, misses L upper","blocks jab, pushes L upper hand from face",Rousey
1,,,,,,,,,,,,,,,4:33,,,Rousey
1,,,,,,,,,,,,,,,4:32,misses R cross to body,pushes off with block of R cross,Rousey
1,,,,,,,,,,,,,,,4:31,,,Rousey
1,,,,,,,,,,,,,,,4:30,lands L jab to face,"misses L jab to face, outreached by opponent",Rousey
1,,,,,,,,,,,,,,,4:29,"lands R cross to face, ducks R cross left",misses R cross to face,Rousey
1,,,,,,,,,,,,,,,4:28,"misses L jab to face, misses R cross to face, ","side steps R, misses L jab",Rousey
1,,,,,,,,,,,,,,,4:27,,,Rousey
1,,,,,,,,,,,,,,,4:26,,,Rousey
1,,,,,,,,,,,,,,,4:25,misses R upper to face,,Rousey
1,,,,,,,,,,,,,,,4:24,"lands L jab to face, misses R cross to face","misses L jab to face, blocks R cross",Rousey
1,,,,,,,,,,,,,,,4:23,"misses L jab to face, lands R cross to face",,Rousey
1,,,,,,,,,,,,,,,4:22,,,Rousey
1,,,,,,,,,,,,,,,4:21,runs to and feigns a R cross to face,attempts head clinch,Rousey
1,,,,,,,,,,,,,,,4:20,lands a R cross to face,,Rousey
1,,,,,,,,,,,,,,,4:19,,loses attempted clinch,Rousey
1,,,,,,,,,,,,,,,4:18,misses R cross to face ,blocks and ducks R cross to face against cage,Rousey
1,,,,,,,,,,,,,,,4:17,,,Rousey
1,,,,,,,,,,,,,,,4:16,lands a R cross to face,tries to block R cross to face but outreached overhead,Rousey
1,,,,,,,,,,,,,,,4:15,"lands a L jab to face, lands R cross to face","stumbles against cage with L jab to face, receives R cross to face",Rousey
1,,,,,,,,,,,,,,,4:14,lands downward L jab to face,falling to knees against cage,Rousey
1,,,,,,,,,,,,,,,4:13,referee gets between and stops fight TKO,,Rousey
